type,title,desc,advice
SAED,感情のままに突っ走る「情熱の暴走列車」タイプ,「寂しい」「お相手の声が聞きたい」という純粋な愛着や熱量が人一倍強く、復縁へのプロセスにおいてブレない力強さを持っています。<br><br>しかしその反面、自身の主観的な情動が先行しやすく、お相手の状況や心理的ゆとりへの配慮が少し後回しになってしまう繊細な側面を抱えています。<br><br>そのため、お相手の警戒心がまだ解けていない段階で不用意なアプローチをしてしまい、お相手に「自己中心的でこちらの状況を考えてくれていない」というネガティブな印象（認知の固定化）を与え、心の距離をさらに広げてしまう状況を招くケースが有意に観察されています。,あなたの中にある「お相手を真っ直ぐに想う情熱」や「決して折れない前向きなマインド」は、恋愛において理屈抜きでお相手の心を動かすことができる、非常に純粋で素晴らしい魅力です。<br><br>しかし、「復縁」という極めて特殊かつ慎重さを要する現在の局面においては、その強いエネルギーが少し前に出すぎてしまう側面があります。不安や焦りに流された一度の感情的なアプローチは、それまで時間をかけて少しずつ積み上げてきたお相手からの信頼を深い落胆へと変えてしまうため、関係修復の難易度を著しく上げてしまう傾向が有意に観察されています。<br><br>お相手が求めている距離感と、あなたの実際の行動に少しずつズレが生じてしまっている今、お相手から「こちらの本意がなかなか伝わらないな」とかえって一歩引かれてしまう状況を招きかねません。これ以上のシャットアウトを自ら引き起こしてしまわないために、まずはあなたのその高い熱量を、最も効果的なタイミングで届けるための「正しい戦略」へと軌道修正する必要があります。<br><br>では、この膠着した状況を打破し、あなたの持つポテンシャルを最大限に活かすために、今何が鍵を握るのか。手遅れになってしまう前に踏み出すべき「具体的な一歩」を専門家が提示します。
SAER,現実と感情の板挟み「焦燥のメダリスト」タイプ,現在の状況や復縁の難しさ、あるいはお相手との正確な距離感を、非常にシビアかつ冷静に見極められる知性を持っています。無謀な行動で関係を壊したくないという堅実な防衛意識が働く点も、あなたの大きな強みです。<br><br>しかしその反面、その時々の寂しさや「早く安心したい」という強い焦燥感に流されやすい一面を併せ持っています。<br>頭では「今は動くべきではない」と完全に理解していながらも、胸のざわつきに負けて不用意なアプローチを仕掛けてしまい、直後に激しく後悔するというジレンマのループに陥るケースが多く見受けられます。<br><br>お相手の心の準備が整う前に、迷いや不安をそのままぶつけてしまう形になりやすいため、お相手から「情緒が不安定で、こちらの状況を考えてくれていない」と一歩引かれてしまう状況を招きかねません。,お相手の状況を冷静に見つめられるシビアな視点は、無謀な玉砕を避け、最も確実なルートを探り当てるための強力な武器になります。 <br><br>しかし復縁という繊細な局面においては、その高い分析力が、皮肉にもあなた自身の不安を増幅してしまうことがあります。相手の行動を深読みしすぎるあまり、頭の中で悪い想像が膨らみ、それに耐えかねて衝動的に動いてしまいがちです。<br><br>どれほど普段は理性的であっても、焦りに任せた一度のアプローチは、積み上げてきた信頼を大きく損ねてしまうリスクがあります。動くほどに警戒心が強まり、距離が離れていくように感じるのは、向こうが求めるペースと、あなたの焦りとの間にズレが生じているからに他なりません。<br><br>これ以上の自爆行為を防ぐためには、あなたの高い状況把握能力を「不安を育てるため」ではなく、相手の警戒心を自然に解いていくための「正しい戦略」へと変えていく必要があります。<br><br>現状を抜け出し、あなたの持つ冷静さを最大限に活かすためには、今何が必要なのでしょうか。<br>手遅れになってしまう前に踏み出すべき「具体的な一歩」を専門家が提示します。
SALD,自分の正義を貫く「独りよがりの勇者」タイプ,「強い愛情や絆の力があれば、どんな困難も乗り越えられる」と心から信じられる、真っ直ぐで揺るぎないマインドを持っています。関係修復に向けて自ら進んで行動を起こせる強さも、あなたの素晴らしい長所です。<br><br>ただし、物事をロジカルに解決しようとするあまり、その行動のベクトルが「自分本位」になりやすい側面があります。相手を思いやっているつもりでも、実は自分の理想や正論を押し付ける形になっていませんか？ <br><br>向こうが今本当に求めている距離感や、静かに発している「そっとしておいてほしい」というサインを見落としがちなため、受け手側に大きなプレッシャーを与え、心の距離をさらに広げてしまう状況を招きかねません。,折れない心で前向きに進み続けられるエネルギーは、困難な状況を打破し、再び関係を築き直すための力強い原動力となります。<br><br>しかし、デリケートな修復のプロセスを進める上では、その真っ直ぐな行動力が、意図せず相手を追い詰めてしまうリスクを孕んでいます。別れの原因を自分なりに分析し、「こうすれば解決できる」という合理的な答えを出したとしても、それが受け手側の現在の感情と一致しているとは限らないからです。<br><br>どんなに純粋な想いが根底にあったとしても、タイミングを無視した一方的なアプローチは、これまで積み上げてきた大切な信頼を大きく損ねてしまう結果に繋がりかねません。良かれと思って動くほどに拒絶感が強まり、距離が離れていくように感じるのは、相手が求めるペースと、あなたの「早く問題を解決したい」という正義感との間にズレが生じている証拠です。<br><br>こうしたすれ違いの継続を断ち切るためには、あなたの高い行動力や分析能力を「自分の考える正解を進めるため」ではなく、受け手側の警戒心を自然に解いていくための「正しい戦略」へと変えていく必要があります。<br><br>では、このピントがズレてしまった苦しい状況を抜け出し、あなたの持つ行動力を最大限に活かすためには、今何が必要なのでしょうか。手遅れになってしまう前に踏み出すべき「具体的な一歩」を専門家が提示します。
SALR,理屈で相手を追い詰める「冷徹な論破王」タイプ,別れに至った因果関係を客観的に特定し、どうすれば関係を修復できるかという道筋を論理的に組み立てる優れた分析力を持っています。問題を放置せずスピーディーに解決へ向けて動ける実行力は、あなたの確かな強みです。<br><br>しかしその半面、恋愛特有の「お相手の曖昧な心理」という不確実性を受け入れる耐性が低く、そこから傷つくのを防ぐための防衛策として、自ら導き出した「正しい答え」でお相手をコントロールし、白黒はっきりさせようとする傾向があります。<br><br>関係を良くしたいという純粋な思いからの行動であっても、説得や話し合いという名の「理詰め」で解決しようとするスタンスは、あなた自身の傷つきたくない防衛の表れです。<br><br>しかしこれは、受け手側に「責められている」「自分の気持ちを無視されている」という強いプレッシャーを与え、警戒心を最大まで高めて心を閉ざさせてしまう悪循環を招きかねません。,原因を特定して着実に改善しようとするロジカルな知性は、本来であれば復縁プロセスにおいて最も確実なルートを探り当てる強力な武器となります。<br><br>ここで気をつけなければならないのは、関係修復という極めてデリケートなプロセスが、必ずしも「正論」で解決するとは限らないという現実です。お相手の感情が変化していない段階で、不確実な状況に焦って白黒つけようと理詰めをしてしまうと、お相手は自己を守るために防衛本能から心理的な壁をさらに厚くしてしまいます。<br><br>議論を重ねるほどに警戒されてしまう今の状態から抜け出すには、傷つくことを恐れるがあまり議論で相手を納得させようとする防衛的な姿勢を一度放棄しなければなりません。<br><br>あなたが持つ高い分析力を「説得のため」ではなく、お相手の感情的な警戒心を自然に解きほぐすための「戦略的な配慮」へと転換する必要があります。<br><br>あなたの知性を最大限に活かし、冷え切った関係を再び温め直すための具体的なステップを、専門家が提示します。
SWED,奇跡を待ち続ける「悲劇のヒロイン/ヒーロー」,「いつか必ずまた繋がることができる」と強く信じ、自身のあふれる感情をぐっと抑え込める、深い愛情と忍耐力を併せ持っています。向こうに無理な負担をかけまいと静かに見守る姿勢は、あなたの持つ素晴らしい美徳です。<br><br>ただ、その純粋な願いを胸に秘めたまま「ひたすら待つ」という選択を続けてしまうと、思いがけないすれ違いが生じる側面があります。<br><br>傷つくことを恐れるあまり受け身になりすぎてしまい、相手の心の中で二人の記憶が完全に過去のものとして風化してしまうなど、自ら再会のチャンスを逃してしまう状況を招きかねません。,感情をコントロールし、静かに時を待つことができるその忍耐強さは、これ以上の関係悪化を防ぐための非常に重要な素質です。<br><br>一方で、何らきっかけがないまま沈黙の期間が長く続きすぎると、その沈黙は「もう未練はない」というメッセージとして受け取られてしまうことがあります。向こうがすでに新しい人生へと歩みを進める準備を始めているかもしれない状況下で、「いつか自然に」という奇跡だけを信じて待ち続けるのは、あまりにも大きな機会損失です。<br><br>時間が経てば自動的に解決するものではないからこそ、静止してしまった関係を再び動かすための、ほんの少しのきっかけ作りが求められます。<br><br>完全に手遅れになってしまう前に、あなたのその深い愛情を確実な未来へと繋げるため、今取るべき最適なステップを専門家が提示します。
SWER,諦めきれない「未練の観察者」タイプ,無理に距離を詰めようとせず、これ以上の関係悪化を自ら防ぐことができる慎重さは、あなたの立派な長所です。状況を見極めようとする防衛意識がしっかりと働いています。<br><br>しかし、直接的な接触を控える代わりに、SNSなどを通じて動向を間接的に追い続けてしまう傾向が見受けられます。<br><br>目に入ってくる断片的な情報に感情が振り回され、心だけがすり減っていく悪循環に陥っていませんか。<br>失敗を恐れて身動きが取れないまま、ただ時間だけが過ぎていく膠着状態を招きやすい一面があります。,軽率な接触を控えて静観できる自己コントロール能力は、非常に重要な資質です。致命的なすれ違いを自ら回避できるため、関係修復において大きな強みとなります。<br><br>しかし、外側から様子を伺うだけの状態が長く続いてしまいがちなタイプともいえます。不確実な情報に一喜一憂し、ご自身の精神的な疲労ばかりが蓄積してしまいます。画面越しに見える表面的な出来事から、本当の気持ちを正確に読み解くことは極めて困難です。<br>些細な変化からネガティブな想像ばかりが膨らんでしまうケースが、過去のデータからも示されています。<br><br>心を削るだけの状況を終わらせ、現実の関係性を少しずつ動かしていく必要があります。<br><br>あなたのその慎重な性質は、手順さえ間違えなければ確実な未来へと繋がる強力な武器になります。膠着した現状から抜け出すために、今どのようなステップを踏むべきなのか。あなたの状況に合わせた具体的な一歩を、専門家が提示します。
SWLD,精神世界で完結する「祈りの修行僧」タイプ,目に見えない絆や繋がりの力を心のどこかで信頼しつつ、それを盲信して自爆しないよう、理屈で自分を厳しく律することができる強い自制心を持っています。別れの原因を客観的に見つめ直し、感情的な接触をあえて控えるクレバーさは、あなたの大きな長所です。<br><br>ただ、その高い分析能力を「これ以上傷つかないための心の防衛」に使いすぎている側面があります。「縁があれば自然に繋がるはずだ」と、精神的な結びつきを言い訳にして、行動するリスクを論理的に避けていませんか。<br><br>心の奥底には深い執着を抱えながらも、表面上は綺麗に物分かり良く待とうとするため、受け手側には「もう未練はなく、完全に吹っ切れたんだな」と誤解されやすく、現実の接点が完全に閉ざされてしまう状況を招いてしまいます。,自身の激しい感情をコントロールし、時が満ちるのをじっと耐え忍ぶことができる忍耐力は、これ以上の関係悪化を完全に防ぎ、ここぞという好機を確実にモノにするための強力な盾となります。<br><br>しかし、その高い自制心が、皮肉にも復縁のプロセスを長期化させる原因になっていることがあります。どれほど強い精神的絆が過去にあったとしても、現実世界において何の外的刺激もないまま沈黙の期間が数ヶ月、数年と長くなりすぎれば、かつての記憶はただの「綺麗な過去の思い出」としてお相手の心の中で整理されてしまうからです。<br><br>現実世界での具体的な関わりを絶ったまま、心の中だけで「いつか自然に」と自己完結させてしまう姿勢は、結果として、パートナーが新しい人生のステップへと歩みを進めるのを無抵抗で見送ることになりかねません。<br><br>これ以上の機会損失を食い止め、あなたの持つ高い忍耐強さを無駄にしないためには、精神的な繋がりをただ祈るだけでなく、現実を動かしていくための安全なアプローチを組み込む必要があります。<br><br>確かな未来を手に入れるために、今取るべき最適なステップを専門家が提示します。
SWLR,傷つくのを極端に恐れる「石橋叩き割る職人」タイプ,自身の主観的な情動に決して流されることなく、現在の関係性や再び結ばれるための成功確率を、極めてシビアに分析できる傑出した知性を持っています。無謀な行動で状況をこれ以上悪化させるリスクを最小限に抑えようとする冷静なリスク管理能力は、あなたの圧倒的な強みです。<br><br>ただ、お相手との関係における「不確実性」を受け入れる耐性が極めて低いため、傷つくことを避けるための防衛策を脳内で先回りして探してしまう傾向があります。<br><br>あらゆるリスクをシビアに吟味しすぎた結果、頭の中で「今はまだ動くべきではない」という完璧な不戦敗の言い訳を完成させてしまい、一切動かない状態に陥っていませんか。<br><br>失敗を避けるための慎重さは大切ですが、打算に偏りすぎると、本来であれば少しのきっかけで打開できたはずの「小さな可能性の芽」すら自ら摘み取ってしまい、何も起きないまま時間だけが過ぎていく機会損失を招きかねません。,現実を冷静に見つめ、最も傷つかない確実なルートを探り当てるための高いリスク管理能力は、無駄な自爆を回避し、復縁の成功確率を高めるための強力なコンパスとなります。<br><br>しかし、恋愛や関係修復という不確実性に満ちた領域において、リスクを「完全にゼロ」にすることは不可能であるという現実を直視しなければなりません。完璧なタイミングや、100%傷つかない確証を求めすぎると、あなたの優れた分析力は「動かないための正当な理由探し」に終始してしまい、永遠に膠着状態から抜け出せなくなります。<br><br>こちらから何の働きかけも行わないまま静観し続けるだけでは、お相手の心の中であなたの存在は「完全に過去の人」として美化され、あるいは風化し、お相手が次の新しい人生へと歩みを進めるのを無抵抗で見送る結果になりかねません。<br><br>これ以上の不完全燃焼な足止めを終わらせるためには、あなたの持ち前の客観性を「諦める理由」に使うのをやめ、リスクを最小限に抑えながら確実に関係を前に進めるための「現実的な戦略」へと変えていく必要があります。<br><br>傷つくリスクを極限まで抑えながら、次のステージへ進むための具体的な一歩を専門家が提示します。
PAED,相手の顔色に振り回される「依存パニック」タイプ,パートナーの機嫌や心の動きを何よりも最優先に考える、非常に細やかな気配りができるタイプです。それだけ深く愛せる一途さは、あなたの大きな魅力です。<br><br>しかし、その優しさが「嫌われたくない」という強い不安にすり替わってしまう側面があります。少しのすれ違いでも、拒絶されたようなパニックに襲われ、結果として極端な感情をぶつけてしまったことはありませんか。相手の顔色を過剰に伺うほどに自身の精神的なエネルギーばかりが消耗し、受け手側にとってもプレッシャーや負担が大きくなってしまうのが実情です。,相手を深く思いやり、その変化に敏感でいられる繊細さは、すれ違いを未然に防ぎ、関係を丁寧に紡いでいくための優しい資質となります。<br><br>ただし、デリケートな修復のプロセスを進める上では、その過剰な配慮が、二人の立場を対等ではなくしてしまうリスクがあります。こちらの顔色を伺ってばかりの態度に対して、受け手側が心地よさを感じることは少なく、むしろ関係性のバランスが崩れて対等な会話が難しくなるからです。<br><br>まずはあなたが心の落ち着きを取り戻し、不確実な想像で自爆しないための土台を作らなければなりません。向こうの現在の状況を正しく知ることで、焦りからくる突発的な行動を防ぐことが重要です。<br><br>では、この振り回される苦しい悪循環を抜け出し、あなた本来の優しい魅力を取り戻すためには、今何が必要なのでしょうか。手遅れになってしまう前に踏み出すべき「具体的な一歩」を専門家が提示します。
PAER,相手のためにと空回り「尽くしすぎ空回り」タイプ,お相手の心理的ゆとりや環境の変化を敏感に察知し、すぐに手を差し伸べようと能動的に動くことができる高い行動力と献身性を持っています。現在の冷え切った関係性のシビアな現実を、非常に冷静に見極められる知性を持っている点も、あなたの本来の強みです。<br><br>しかしその半面、お相手を完全に失ってしまうかもしれないという、内面の激しい感情的焦燥に流されやすい繊細な側面を抱えています。<br>お相手の冷ややかな態度や距離感をシビアに察知しているからこそ、その不確実な現実に耐えかね、「嫌われたくない、繋ぎ止めたい」という強い防衛意識が働いていませんか。<br><br>お相手を繋ぎ止めるために「良かれと思って」過剰に尽くしたり、能動的な親切を執拗に繰り返してしまいがちです。結果として、お相手に「こちらのペースを無視して一方的な優しさを押し付け、罪悪感でコントロールしようとしている」と、心理的抵抗をかえって強めさせてしまう空回りを招きやすい状態です。,お相手の環境を察して最低限の安全圏をキープしようとする思いやりと、現実をシビアに見極めて無謀な玉砕を避けようとする堅実さは、非常に重要な資質です。<br><br>しかし、復縁という慎重さを要する現在の局面において、お相手を失う不安から生じる一方的な尽くし行動は、お相手の心理的リアクタンスを強く刺激しています。お相手は現在、あなたの親切を受け止めるだけの心理的なゆとりがなく、あなたが自分の不安を埋めるために先回りして行う配慮を、鬱陶しい、重荷であると感じてしまっている可能性があります。<br><br>これ以上のすれ違いを断ち切るためには、まずはあなたの高い状況把握能力を、自身の「不安を解消するための行動」に使うのをやめなければなりません。<br>お相手が今本当に必要としている「静かに見守ってくれる安全圏」を提供するという、正しい距離感へと軌道修正する必要があります。<br><br>献身的なエネルギーを最も効果的なタイミングで届けるために、今何が必要なのか。手遅れになってしまう前に踏み出すべき「具体的な一歩」を専門家が提示します。
PALD,運命を信じて尽くす「盲目的な守護天使」タイプ,かつて育んだ絆や目に見えない縁の力を強く信じ、どのような困難が訪れても決して希望を失わない、強固なマインドを持っています。相手の立場を冷静に理解しながら、ひたむきに寄り添おうとする姿勢は、あなたの持つ素晴らしい才能です。<br><br>しかしその一方で、「私たちの絆なら乗り越えられる」という理想を信じるあまり、現実の厳しいシグナルから無意識に目を背けてしまう側面があります。相手を最優先して献身的に動いているつもりでも、受け手側が今まさに発している「今は距離を置きたい」というサインを見落としていませんか。結果として、タイミングを無視した一方的な善意の押し売りになってしまうことも多く、向こうに「こちらの意思が通じない」というプレッシャーを与え、かえって一歩引かれてしまう状況を招きがちです。,どれほど先の見えない状況でも前向きなエネルギーを保ち続けられる精神的な強さは、冷え切った関係性をもう一度動かすための非常に大きな資質となります。<br><br>ただし、慎重さを要する復縁のプロセスを進める上では、「愛があるからなんとかなる」という盲目的な姿勢が、意図せず状況を悪化させる一因となってしまいます。どれほど内容が素晴らしいアプローチであっても、伝えるタイミングそのものが間違っていれば、相手にとっては大きな負担にしかならないからです。<br><br>二人の関係性を再び温め直すためには、精神的な繋がりに頼るだけでなく、受け手側の今の心理状態を見極め、アプローチすべき「正しいタイミング」へと軌道修正していく必要があります。<br><br>この苦しいすれ違いを抜け出し、あなたの持つ一途なエネルギーを最大限に活かすためには、今何が必要なのでしょうか。完全に手遅れになってしまう前に踏み出すべき「具体的な一歩」を専門家が提示します。
PALR,相手の行動を深読みしすぎる「プロファイラー」タイプ,相手の行動や言葉の裏にある心理を論理的に分析し、客観的な視点をもって極めて賢く立ち回ることができる、優れた知性を持っています。<br>無謀な行動による自爆を未然に防ぎ、スマートに問題を解決しようとする冷静さは、あなたの圧倒的な強みです。<br><br>ただ、物事を深読みしすぎるあまり、頭の中で独自の答えを作り出してしまう傾向があります。<br>当事者ゆえに「きっとこう思っているはずだ」と主観的なバイアスが混じり、都合の良い推測をしていませんか。<br><br>どれほど高い分析能力があっても、その推測が外れたときの一歩引いたリカバリーが苦手な傾向にあります。現実とのズレに直面した際にチャンスを逃してしまうケースが多いタイプといえます。,感情に流されず、二人の関係性や別れの因果関係を冷徹に分析できるロジカルな思考力は、復縁プロセスにおいて最も確実なルートを探り当てるための強力なコンパスとなります。<br><br>しかし、恋愛という不確実な領域においては、あなたのその優れたプロファイリング能力が、思い込みという罠に変わってしまうリスクを抱えています。頭の中でどれほど完璧なシミュレーションを組み立てたとしても、それが実際の相手の「生身の事実」と一致しているとは限らないからです。<br><br>完璧なタイミングを求めすぎるあまり、推測だけで動いてしまえば、予期せぬ拒絶に直面して大切な信頼を大きく損ねてしまう結果に繋がりかねません。これ以上の足止めを終わらせるためには、頭の中の想像ではなく、相手の現在の「正確な事実」を確認した上で、現実の戦略を組み立ててしていく必要があります。<br><br>では、この深読みが空回りしてしまう苦しい膠着状態を抜け出し、あなたの持つ優れた知性を最大限に活かすためには、今何が必要なのでしょうか。手遅れになってしまう前に踏み出すべき「具体的な一歩」を専門家が提示します。
PWED,幸せを願い身を引く「自己犠牲の聖母/聖人」タイプ,パートナーの気持ちや選択を何よりも尊重し、そこに寄り添おうとする非常に深い優しさを持っています。自分のことよりも周囲の平穏を願うことができるその献身的な姿勢は、あなたの持つ素晴らしい美徳です。<br><br>しかし、その優しさがゆえに「自分の本当の気持ち」を強く押し殺してしまう側面があります。心の中は寂しさや未練で激しく揺れ動いているにもかかわらず、「これでよかったんだ」と自分に言い聞かせて無理に納得しようとしていませんか。相手に負担をかけまいと綺麗に身を引く選択は、一見すると美しいですが、受け手側には「もう自分への関心は完全になくなったんだな」と受け止められやすく、関係修復の契機を自ら完全に閉ざしてしまう結末に至るケースが少なくありません。,相手の選択を重んじ、自らの感情を静かにコントロールできる自制心は、これ以上の衝突や関係悪化を未然に防ぐための盾となります。<br><br>ただし、復縁においてはその健気な引き際が事態を風化させる原因になります。どんなに純粋な想いが根底にあったとしても、現実世界で何のアクションも起こさない状態が続けば、かつての記憶はただの過去の出来事として、向こうの心の中で静かに整理されていくだけだからです。<br><br>「これでいい」と言い聞かせながら、自分の本当の願いに蓋をして耐え続ける姿勢は、本当に後悔しない選択と言えるでしょうか。直接無理に踏み込まなくても、お互いの尊厳を守りながら、自然に心の距離をもう一度手繰り寄せる道は残されています。<br><br>では、この自分の気持ちを押し殺す苦しい時間を終わらせ、あなたの持つ深い優しさを確実な未来へと繋げるためには、今何が必要なのでしょうか。静止した関係性を優しく動かしていくための具体的な一歩を、専門家が提示します。
PWER,現実を受け入れつつある「ノスタルジー」タイプ,パートナーが今抱えている心情だけでなく、復縁を果たすことの現実的な難しさまでをも非常に冷静に理解しています。無謀な行動で状況をかき乱したりせず、一歩引いて状況を静観できる慎重さは、あなたの強みです。<br><br><br>ただ、その理知的な諦めが、ご自身の心を中途半端な場所に足止めしてしまう原因になっていることがあります。まだ胸の奥には確かな未練が残っているのに、「もう思い出にしなければならない」と無理に自分を納得させようとしていませんか。積極的な復縁行動を自ら制限する一方で、過去にばかり意識が向いてしまうため、前に進むことも戻ることもできない、不完全燃焼なモヤモヤを長く抱え込みやすいのが実情です。,軽率な接触を控えて事態を静観できる自己コントロール能力は、致命的なすれ違いを自ら回避し、自分を低く扱わせないための重要な強みとなります。<br><br>しかし、不確実な状況を恐れるあまり、外側から様子を伺うだけの状態が長く続いてしまうと、あなた自身の精神的な疲労ばかりが蓄積していくことになります。相手の表面的な出来事や過去の難しさにとらわれ、「今はもう無理だ」と先回りして結論を出してしまっては、好転するはずの小さなチャンスすら自ら見限ることになりかねません。<br><br>本当にこのまま思い出に変えてしまっていいのか、ご自身の心に問いかける時間が必要です。心を削るだけの時間を終わらせ、現実の関係性を少しずつ動かしていくことは、あなたのモヤモヤを晴らす一歩としても非常に大きな価値を持ちます。<br><br>では、この前に進めない苦しい足止めを抜け出し、あなたの持つ冷静さを確実な未来へと繋げるためには、今何が必要なのでしょうか。現状を安全に打開するための具体的な一歩を、専門家が提示します。
PWLD,理想と現実の狭間「プラトニック」タイプ,相手の現在の立場や状況を論理的に理解し、そこを侵さないように自分を厳しく律することができる、強い自制心を持っています。同時に、二人がかつて育んだ精神的な結びつきや縁の力を深く信じ、無理な連絡をせず時を待てる忍耐強さは、あなたの持つ素晴らしい長所です。<br><br>ただ、その高い我慢強さが、皮肉にも復縁のプロセスを極端に長期化させてしまう側面があります。「関係修復には長い時間がかかる」と覚悟を決めて耐え忍んでいるつもりでも、その沈黙は必ずしもプラスには働きません。こちらから具体的なアプローチを一切起こさない状態が続けば、受け手側には「もう未練はなく、完全に吹っ切れたんだな」と解釈されやすく、数年単位の時間を無駄にしたままチャンスを完全に風化させてしまうリスクを孕んでいます。,感情に流されず、時が満ちるのをじっと耐え忍ぶことができる意志の強さは、これ以上のすれ違いを防ぐ上で非常に有効な資質となります。<br><br>とはいえ、「待っていればいつか解決する」と、目に見えない絆や時間の経過だけに身を委ねてしまう状態には少し注意が必要です。どれほど強い繋がりが過去にあったとしても、外的刺激が一切ないまま沈黙の期間が数ヶ月、数年と長くなりすぎれば、記憶は次第に過去の思い出として整理されていくからです。<br><br>現実的な関わりを持たないまま心の中だけで完結させてしまうと、相手が新しい人生のステップへと進むのをただ黙って見送る結果になりかねません。工作によって心理変化を促すなど、戦略的に期間を大幅に短縮する視点を持つことも大切です。<br><br>では、この内に深い執着を秘めたまま耐え続ける苦しい時間を終わらせ、あなたの持つ高い忍耐力を無駄にしないためには、今何が必要なのでしょうか。静止した関係性を再び動かしていくための具体的な一歩を、専門家が提示します。
PWLR,冷静に状況を見極める「孤高のスナイパー」タイプ,自分の感情に決して流されることなく、現在の周りの状況や、再び結ばれるための成功確率を極めてシビアに分析できる、傑出した知性を持っています。自分本位な行動で状況を悪化させるリスクを排し、常に最もスマートな立ち回りを図ろうとする冷静さは、本診断において最も優秀な強みです。<br><br><br>ただ、その完璧主義な防衛意識が、自らの一歩を完全に縛り付けてしまう原因になっていることがあります。あらゆるリスクを計算しすぎるあまり、頭の中で「今はまだ動くべきではない」と不戦敗の結論を出し、一切動かない状態に陥っていませんか。失敗を極端に恐れるあまり、わずかなチャンスの芽すら自ら摘み取ってしまい、ただ時間が過ぎていくのを眺めるだけの状況を招きかねず注意が必要です。,現状を冷徹に見つめ、最も確実なタイミングを狙うことができる高いリスク管理能力は、復縁プロセスにおける成功率を飛躍的に高めるための強力なコンパスとなります。<br><br>しかし、恋愛という不確実な領域において、リスクを完全にゼロにすることは不可能であるという現実を直視しなければなりません。確実な成功や100%傷つかない確証を求めすぎると、あなたの優れた分析力は「動かないための理由探し」に終始してしまい、永遠にチャンスを逃し続けることになるからです。<br><br>冷静さは最大の武器ですが、静観し続けるだけでは事態は一向に好転しません。完全に思い出の引き出しにしまわれてしまう前に、安全な範囲で少しずつ状況を動かしていくための「自然な再会のきっかけ」が求められます。<br><br>これ以上の不完全燃焼な足止めを終わらせるためには、あなたの持ち前の客観性を「諦める理由」に使うのをやめ、リスクを最小限に抑えながら確実に関係を前に進めるための「正しい戦略」へと変えていく必要があります。<br><br>では、現状を安全に打破し、着実に距離を縮めていくためには、今何が必要なのでしょうか。あなたが傷つくリスクを極限まで抑えながら、次のステージへ進むための具体的な一歩を以下で提示します。
DEFAULT,迷いの中にいる「手探りの旅人」タイプ,復縁という大きな課題に対して、真剣に向き合おうとする強い意志を持っています。投げ出さずに、どうにかして最善の道を見つけ出そうと模索する姿勢は、あなたの誠実さの表れです。<br><br>ただ、現在は様々な感情や情報が頭の中で入り混じり、次にどう動くべきか判断が難しくなっている状態かもしれません。冷静に現状を分析しようとする自分と、寂しさや不安に押しつぶされそうになる自分が激しく葛藤していませんか。心が過度な緊張状態にあるため、どの選択肢を選んでも正解に思えず、まるで出口の見えない場所に立ち止まっているような深い迷いの中にいるケースが多く見受けられます。,いま、進むべき方向が見えなくなってしまっているのは、あなたがそれだけ深く相手を想い、この関係性をこれ以上壊したくないと慎重になっている証拠です。<br><br>恋愛心理の領域において、心が深く傷ついている局面ほど、主観的な焦りと客観的な理性がぶつかり合い、思考がフリーズしてしまう現象はごく自然に起こります。このような状況下では、どれほど1人で深く考えを巡らせても、ネガティブな堂々巡りに陥ってしまい、自ら答えを導き出すことは極めて困難です。<br><br>こじれてしまった関係をもう一度修復していくためには、まずはあなた自身の心の負担を軽くし、絡まってしまった糸を一本ずつ解きほぐしていく必要があります。自分自身の本当の望みや、現状の正確な立ち位置を客観的な視点から見つめ直すことが、結果として最も安全に盤面を動かす一歩となります。<br><br>誰にも言えない痛みを抱えたまま、1人で答えを出し急ぐ必要はどこにもありません。この立ち止まってしまった苦しい時間を抜け出すためには、今何が必要なのでしょうか。一歩を踏み出すための具体的なステップを、専門家が提示します。
